module,GO_ID,term.x,pValue,FDR,ontology,sort(module),cluster,parent,score,size,term.y,parentTerm,termUniqueness,termUniquenessWithinCluster,termDispensability
brown,GO:0005681,spliceosomal complex,4.1339834469705423e-8,2.4543894880816424e-5,CC,brown,1,GO:0005681,4.610056517769376,208,spliceosomal complex,spliceosomal complex,0.77475,0.77475,0
brown,GO:0016607,nuclear speck,1.888560496385509e-6,6.950703647463861e-4,CC,brown,1,GO:0005681,3.157971227821083,416,nuclear speck,spliceosomal complex,0.6174999999999999,0.6174999999999999,0.248
brown,GO:0005634,nucleus,8.031568181436846e-6,0.0024653089760734246,CC,brown,1,GO:0005681,2.6081286430420842,8188,nucleus,spliceosomal complex,0.70375,0.70375,0.384
brown,GO:0016604,nuclear body,1.720954329622176e-4,0.03307193409762003,CC,brown,1,GO:0005681,1.4805404061337102,859,nuclear body,spliceosomal complex,0.5994999999999999,0.5994999999999999,0.269
